{"cameraMode":{"drawMode":0,"name":"Shaded","section":"Shading Mode"},"sceneLighting":false,"audioPlay":false,"sceneViewState":{"showFog":true,"showMaterialUpdate":false,"showSkybox":true,"showFlares":true,"showImageEffects":true,"showParticleSystems":true},"in2DMode":false,"pivot":{"x":0.06148030236363411,"y":-2.318251368649271e-9,"z":-0.04765591025352478},"rotation":{"x":-0.08785627782344818,"y":0.9106376767158508,"z":-0.2567480504512787,"w":-0.3116099536418915},"size":2.8578836917877199,"orthographic":false}